1,dairlie0,Jsa2Fsl2Z9,frawsthorne0@wired.com
2,tchurm1,Arx27y55s,hcarabine1@usgs.gov
3,gsteanyng2,kuVTZWTA,sitter2@51.la
4,cbrownlea3,u8flCZ,bgonthier3@constantcontact.com
5,bkohter4,ILkzhwRck,dburkett4@fc2.com
6,damery5,Y997SgE,afaucherand5@intel.com
7,mcorde6,d8wKbQ1sVmK,tphython6@bizjournals.com
8,ustowell7,xntiCGcHFC,rseago7@csmonitor.com
9,bakehurst8,35uOnpetoE4I,tdominetti8@wufoo.com
10,jsteinson9,DNRrybMww,cmcfaell9@phoca.cz
11,cpetkensa,TCDEZ0iCMX,ddorkinga@zdnet.com
12,fkeadyb,DTmb6dnrY,bshillingfordb@si.edu
13,sprudhamc,wlyO8fwM,bnuddc@ow.ly
14,fcalfd,HIiFNE4UadtB,cdifrancecshid@craigslist.org
15,lshouldere,YbrDGLYLS,lamorie@posterous.com
16,lcoupef,OLVkN6m,ngottsf@princeton.edu
17,ctheobaldsg,ovlFrlv,rmaccraeg@globo.com
18,cstedsonh,Azi0qazc4Sra,kstallenh@lulu.com
19,ccollisoni,Uc9ni0yk,cowlneri@i2i.jp
20,dbernardinij,zHGLcJ,kzappelj@wikispaces.com
21,tlanghornk,9MI7aSlP,tmilhamk@tmall.com
22,hvasyukovl,8L7lZ5T8jZm,mduckettl@virginia.edu
23,gbrumptonm,O2eAiAYcQ,dbuscherm@opensource.org
24,kboynesn,9uQukWLoS2XQ,csandefordn@freewebs.com
25,eoadeso,LNC7rkb,vtottono@china.com.cn
26,jhellwichp,isluGN1t,zfarrensp@wikipedia.org
27,mfonesq,AeL1KC,hcarnamanq@umn.edu
28,mloncasterr,hx3PxmcaLiu,rsorensenr@technorati.com
29,zpietruschkas,027PJP,rwhyborns@go.com
30,aheffordt,aRbPO26,bsaywoodt@miibeian.gov.cn
31,zhewellu,qEEuOwyP,kshuteru@newsvine.com
32,ayeandelv,edDQHPFMNe,bcoultarv@dyndns.org
33,akeeganw,c8jLbbe,smassingberdw@nih.gov
34,kpittwoodx,p2Rqbxu,aladelx@digg.com
35,ghaldiny,bGFsyT,ewiskery@hao123.com
36,cbiggansz,QHURkfQiH,hkinmondz@wordpress.org
37,minge10,fAGw801N,krude10@sun.com
38,gtaylor11,GpeI20Us4,pwrigley11@scribd.com
39,lmeiklam12,4wiSKj9sHI,etinto12@jalbum.net
40,mphelipeaux13,5DCghm3RkyrW,jalp13@usgs.gov
41,ubuglass14,95zgNa636ze,kgillies14@so-net.ne.jp
42,mtoke15,Pbrdgc,kdavitt15@furl.net
43,mwhiffin16,yEeHUlSO,rzanassi16@china.com.cn
44,bitscowicz17,zth5OPs3,trhule17@topsy.com
45,orooksby18,KBLGP9uoOI7,nsavile18@amazon.co.jp
46,rmottinelli19,VxsnxM0Eco,cemanuelli19@google.ca
47,abaudou1a,s9Xz3rxqc,brase1a@devhub.com
48,cgoodred1b,eI4sMZPSz6F,jtwiddell1b@arstechnica.com
49,proe1c,lI5pmei19vd,apollastrino1c@intel.com
50,bgyurko1d,SwR75Lf7ZFO,sswetman1d@youku.com
51,cvaun1e,VcPipFQ45n0,nmilliken1e@reddit.com
52,carmistead1f,zaDqFX,ddripp1f@huffingtonpost.com
53,lcorringham1g,ICUqNkQpD5,sstorror1g@shareasale.com
54,tmacvagh1h,MLLyXFSkr,dwilsee1h@sakura.ne.jp
55,bdeelay1i,YgXUPUsUq1,hlux1i@examiner.com
56,lnaismith1j,BV6BrQ,joakeshott1j@alibaba.com
57,ibedinham1k,kjyQJlxNsd,emorville1k@weather.com
58,lyanshonok1l,n0oCku7T4Gt,ababst1l@nifty.com
59,gpalffy1m,GppYHQfsX5v,jshortcliffe1m@smh.com.au
60,rrivers1n,bLpp2tBHXL9,rcauley1n@reuters.com
61,lhuckin1o,dxOOTRqf9,stucsell1o@hugedomains.com
62,ssonley1p,betXJ8P,wrayburn1p@cnet.com
63,myorath1q,aCsdwxDBQQ,glaviss1q@samsung.com
64,galbion1r,WJQJjPA9,mledwidge1r@printfriendly.com
65,agwynne1s,sqvytvRFd,ebines1s@hp.com
66,nkitteman1t,LOfzX0COB,ssemper1t@gmpg.org
67,lkausche1u,ZHAaELmYkk,fcanellas1u@nyu.edu
68,mkrates1v,i65p3pb,sryle1v@hao123.com
69,qexposito1w,EGorudOWGW,cdorricott1w@wikipedia.org
70,rshedd1x,brqN3k,tmoiser1x@liveinternet.ru
71,jbiasini1y,HQIThlvEu,lcolhoun1y@moonfruit.com
72,sbimson1z,KGgydLhwM,ijantel1z@hp.com
73,ethreadgold20,cZhqOMnWCB,dmallindine20@microsoft.com
74,ngoding21,JUOKTapQAKQM,abaggot21@discuz.net
75,ngyrgorcewicx22,RgQleLdrg3X,dworwood22@macromedia.com
76,rramsdell23,h3oGHv9uO7,jdurrington23@xinhuanet.com
77,lburfield24,2X3KlY,jewdale24@livejournal.com
78,ninger25,Ts986Dnf,lgowling25@mediafire.com
79,aomoylan26,QWiLj4Dv8fNK,kawcock26@networksolutions.com
80,nmerriday27,9yxZ3bj,kjeanenet27@blogtalkradio.com
81,hdanilewicz28,pQpKaIhW,mleaming28@shop-pro.jp
82,vlannen29,j00pzP5,chews29@ow.ly
83,lbernardos2a,Ukcqf0cXyq2s,pgodon2a@hibu.com
84,tlongstaff2b,nrhW5F,bglasspoole2b@webmd.com
85,nscholtz2c,hsLt0RPSOtZA,esifflett2c@hexun.com
86,smaster2d,PRovliger,gmcrobert2d@dell.com
87,nkarlsen2e,4aTRfGtmois,cubsdell2e@illinois.edu
88,efairchild2f,tHookzA,lpiccop2f@google.de
89,dhuson2g,XRPsAW,crosel2g@symantec.com
90,chowey2h,6LtjLoAVGGB9,mdanahar2h@amazonaws.com
91,hrentenbeck2i,6wekIT1,rfawdrie2i@hao123.com
92,bdrogan2j,oYA5ejM2QrkS,soflannery2j@oakley.com
93,eperkin2k,OuRAd1,prendall2k@about.me
94,crowesby2l,WKXAIfOTt,ncoggeshall2l@moonfruit.com
95,vharrison2m,HeYBKy,tmarjoribanks2m@intel.com
96,agolston2n,YduDlwhd,nspargo2n@jugem.jp
97,gwurz2o,AH0ShI7Q25,rosipenko2o@patch.com
98,eklimentyonok2p,HkrI316Y,hbicknell2p@opensource.org
99,jvitte2q,aZeb79XbRG6,mserginson2q@meetup.com
100,rminney2r,oHOw94ikjHBt,tohoolahan2r@cmu.edu
101,bworsom2s,MIJL3x,mgrantham2s@census.gov
102,jmcbride2t,EDgZzJT2isCw,cshawcroft2t@fema.gov
103,rpymm2u,l03tyl,nnore2u@woothemes.com
104,biacofo2v,dWN24blHHd2i,zpenddreth2v@purevolume.com
105,amacteggart2w,ZWN4vk,cbrimming2w@miibeian.gov.cn
106,jdoohan2x,GcGalrCcI,lrosenbush2x@ustream.tv
107,bcarless2y,s9i1Vewl,awitsey2y@shop-pro.jp
108,xellerby2z,UBSBZc1hKB,tprendeguest2z@ftc.gov
109,slidgey30,4R52TWJ,hrice30@sciencedaily.com
110,hmungham31,FLpkf8Rx,smontes31@cbslocal.com
111,preinbach32,NVCgmvgsi1g9,osymington32@yale.edu
112,modooley33,wNmy6K,nmadden33@purevolume.com
113,czanazzi34,rtxb2r,lgerriessen34@wisc.edu
114,roshesnan35,6VTMGLKf,snutter35@g.co
115,rmathers36,Siiclwdri,abracknell36@t-online.de
116,bportal37,BLhCwIvr,skitchinham37@blogspot.com
117,rkohter38,cwOn9rqWs2,jbarr38@nba.com
118,lbloodworth39,mZnKIfe,bmaidstone39@tumblr.com
119,bbozier3a,8mgrJ4UNul,kspaldin3a@mapquest.com
120,grolland3b,RpWMX4poDSIk,dblodgett3b@zdnet.com
121,ablowes3c,t5tITG1cx3FP,acraigmile3c@shutterfly.com
122,iwarrick3d,cI8WlLvG,rchisman3d@whitehouse.gov
123,bvannikov3e,711hotiLa,jfellgate3e@arizona.edu
124,akimbrough3f,SgCG3NIAAQzm,blhomme3f@phpbb.com
125,jjanton3g,oxz0TpHjm,rnowakowska3g@patch.com
126,hlecount3h,Sez2ecy2kp,jpringell3h@earthlink.net
127,dandreuzzi3i,V9R71uspEj,gmatisoff3i@umich.edu
128,bfrake3j,BfYTnYlRg,afredi3j@so-net.ne.jp
129,sgiddins3k,mfd8RKZly,kwalesa3k@paypal.com
130,dbeebee3l,SLVhX9j249f,qsang3l@wikispaces.com
131,aames3m,dKn8yNHm,sdenisco3m@ox.ac.uk
132,trens3n,TrV7T1sNDo,rtebbut3n@angelfire.com
133,kfilby3o,myZLrPl2P5Hl,fluetchford3o@springer.com
134,briglar3p,39mkjjOplzc,siliffe3p@furl.net
135,cspringthorpe3q,0RiclOUr,dmattys3q@storify.com
136,qconnop3r,hi5Qah6EX,tdraijer3r@foxnews.com
137,smixworthy3s,AmdDJfWyCZV,kmenichi3s@scribd.com
138,tbust3t,oJJ9A7T,wbigby3t@dell.com
139,trubinfeld3u,ZNRBizmWlrm,vbrumfitt3u@ed.gov
140,aminger3v,CSAYtxYbR,bwoodroffe3v@apache.org
141,jgodmar3w,bXHCeZaFZu,kshrimptone3w@accuweather.com
142,vjurn3x,o14mubKc,tchaman3x@furl.net
143,lmacleese3y,p3kwvaeM11,sberr3y@tuttocitta.it
144,nfarress3z,PlW9wnn2W,mpirt3z@cdbaby.com
145,zpankhurst40,YgYLVY,hcakes40@vinaora.com
146,varchbald41,fRXCQaJOh,pmeco41@yandex.ru
147,aturgoose42,ddd2zsr16E5a,osaxon42@reddit.com
148,seichmann43,pVPR78X,jmattocks43@webs.com
149,imainz44,5Y5QewLSoah,acoan44@scribd.com
150,dmellem45,BPym2qL9lypn,xhughill45@ebay.com
151,msodor46,Y8wxlq,nsapsforde46@rakuten.co.jp
152,emcpheat47,UG6npyEmvSlv,msummerside47@addtoany.com
153,hgrinley48,8pyLM7jlgI,dswains48@sohu.com
154,mmyles49,AwCRWhL,shanscome49@hatena.ne.jp
155,tjeanneau4a,0Rk3Ouhwh,fcostigan4a@redcross.org
156,kbabonau4b,Ve0ECGs3,rquogan4b@wikipedia.org
157,jhayth4c,JmG3mhly9Dz,abrookzie4c@zimbio.com
158,xiacovolo4d,JtxqcPoEWc,hgradley4d@mapy.cz
159,tolivera4e,enZq4W,btoone4e@comsenz.com
160,ilardeux4f,QgQoT0hO,alilbourne4f@msu.edu
161,nderx4g,VDTF89O8,atendahl4g@java.com
162,rprantl4h,M3PhOhbptC,mgeikie4h@cocolog-nifty.com
163,cbaudone4i,3rPsxzIAQd,kberrill4i@linkedin.com
164,mbowers4j,bc49CZjMXt,talbiston4j@who.int
165,cgrimsey4k,pTFEFODp,oblowes4k@spiegel.de
166,edomoni4l,NEB4XEMp,jskittreal4l@house.gov
167,lwheater4m,23BkSI,pfoxhall4m@live.com
168,fmaccleay4n,KIq8FrO,cwhiteford4n@sciencedirect.com
169,fmccleod4o,V76Z1ZRVs,dseelbach4o@java.com
170,cscarlet4p,GxxbAFPPkd,gmishaw4p@usda.gov
171,cninnotti4q,9itdkq4GOi,tleagas4q@state.gov
172,vimmings4r,jyJ1pp0kM,cdecarolis4r@gnu.org
173,afolbige4s,MsgJBVJng,aplewright4s@dot.gov
174,creddington4t,bMwNtX76V8,tvogt4t@amazon.de
175,nreinbech4u,bJtcuOyc,wolyonov4u@icq.com
176,khaggidon4v,S9Qaz6Tjir,vdeacon4v@amazonaws.com
177,yjeaycock4w,PSFvu2TzSfLt,jgapp4w@i2i.jp
178,mfarquar4x,a2pZW5o,cgery4x@miitbeian.gov.cn
179,rbending4y,94A1KPDd,jtebbitt4y@dropbox.com
180,gfrangello4z,zakBvFrhFx,ncecere4z@webeden.co.uk
181,tgeraldi50,4Z23BFw,cpersitt50@apache.org
182,mkupke51,ukjWgZf,dmcreath51@blinklist.com
183,lduffan52,qOrTas,dgildroy52@ovh.net
184,ggleader53,vyODHF7Y1S,rlamperti53@mtv.com
185,mfranceschelli54,dvu8Fo2DF,lbyron54@netscape.com
186,adallicott55,WEDiCe,jrist55@fastcompany.com
187,dtanser56,KnrtIqe65a6O,llenz56@ning.com
188,ybugdale57,Ty2B8CJ,kgrainge57@squarespace.com
189,kfandrey58,wcXKiPjaC4gH,aricards58@fc2.com
190,torman59,vHztvbosJ0dC,tferrand59@wikipedia.org
191,gmurtimer5a,Di3DrWAuy,galbasiny5a@scribd.com
192,ckillelea5b,XIJqS5OWNi,erupel5b@1und1.de
193,nbasten5c,T9npxVqghgy,vmeek5c@china.com.cn
194,apetrasso5d,I2BciskN17,ehendrichs5d@umn.edu
195,anizet5e,V8fuxBl8z,mbohills5e@drupal.org
196,krex5f,dyFJ3k,tvanderkruys5f@mail.ru
197,aallchin5g,nzjJH42iz,jbrunsen5g@archive.org
198,ksherebrook5h,quiemKLQv,tloynton5h@craigslist.org
199,estewartson5i,7bJW7i2,rgiamelli5i@google.es
200,rtuddenham5j,8wkI30,ringold5j@jugem.jp
201,xvasilechko5k,Ro9a7ZKBr,nduxfield5k@cbslocal.com
202,dbrassington5l,MuzpYAb4a,ltomlett5l@usnews.com
203,osperwell5m,h3qixccJVI,asandeland5m@tripod.com
204,mscaddon5n,GeQYkVXUzw7j,zmccray5n@mit.edu
205,dsaines5o,u4igXe9,tjovicevic5o@ning.com
206,chawton5p,WtcDbu,hblaylock5p@gnu.org
207,kcoolson5q,rzBh81gK,cbinne5q@digg.com
208,fvaughton5r,phGhEanR7xq,ibythway5r@cnbc.com
209,snickoles5s,pnXVTHyKK,dions5s@census.gov
210,evasovic5t,Iczkd0r9k,gpopescu5t@addtoany.com
211,corford5u,kcDO9esVgB2,smanass5u@twitter.com
212,gblaxlande5v,Pl6gPVlSz,gsillett5v@ovh.net
213,gsneddon5w,CO6wci,jdealy5w@bloglines.com
214,fillesley5x,con1Zv,hcolbran5x@bbc.co.uk
215,spoyser5y,bNl3yI,dbum5y@sakura.ne.jp
216,ttillett5z,M3npqR,gpoe5z@bigcartel.com
217,amackereth60,d0YOcOmu,gvokins60@ocn.ne.jp
218,rshafier61,q4onj54vcr1,acecchi61@ca.gov
219,akinsell62,vCrCE1gP,btibald62@slashdot.org
220,jmclaverty63,tEpH5fB,gchard63@umich.edu
221,mcowderoy64,zA26Gq0f72fb,tcroughan64@si.edu
222,sfunnell65,6nTiJo,ftupp65@weibo.com
223,jkirwin66,8rU1hT8b,rbalsom66@macromedia.com
224,cdavidow67,wx8vNn,arobelin67@fastcompany.com
225,gmyrick68,mjJoRJhb,dmocker68@zimbio.com
226,htace69,GEmQc4,tmckeurton69@fema.gov
227,psteinhammer6a,cX5Kl9LMwNf1,gwaudby6a@techcrunch.com
228,lmebs6b,S3NbzFSlk,dollie6b@dot.gov
229,cthurborn6c,HjOlFzb,ldawtrey6c@sun.com
230,akenewell6d,zQQCkN8vL,nstorre6d@cnn.com
231,dpaik6e,yvlXDPTeQAMf,tplanque6e@bandcamp.com
232,zkezourec6f,D8fpFa5nxR,fwiltsher6f@washingtonpost.com
233,rivshin6g,WCDZj8fl1WdL,ibuyers6g@fastcompany.com
234,mblenkinsopp6h,3jkKMP87q,dledbury6h@ebay.com
235,nwithams6i,pwBhFlAJQ,rclewlow6i@usnews.com
236,olohrensen6j,5Np24UQ,bkloster6j@europa.eu
237,okettlestring6k,eio4TAev,tsommerly6k@surveymonkey.com
238,bfebry6l,h3y1Dtor,rferrai6l@geocities.com
239,ghowsin6m,8G6UejxCt,kceaplen6m@soup.io
240,sbudge6n,ESOztxCwV47h,jcolhoun6n@php.net
241,tadam6o,0EzBnRbt,rdorbon6o@cyberchimps.com
242,bandrysiak6p,wagv9jkBA,lklimkiewich6p@w3.org
243,yatthow6q,rqXNilaIX,jmacilriach6q@google.cn
244,bwicklen6r,e6lEHtyZOL,ehaggleton6r@parallels.com
245,rmacdonell6s,uEpGFtN,jwoodvine6s@state.tx.us
246,bmongan6t,8P5jVKkbG,bpic6t@ustream.tv
247,kboyse6u,vxXPbv,sodowne6u@earthlink.net
248,hbaradel6v,sW2w414,etolcher6v@usa.gov
249,sduffill6w,MAAMTya,fmeyrick6w@dailymail.co.uk
250,cramalho6x,YxZlgJHhb,bcormode6x@ucsd.edu
251,mmcgeachy6y,P8abInBy6,ddomino6y@tamu.edu
252,ahanniger6z,0vhEe61w,rlambourn6z@netscape.com
253,rstaniland70,RTn0y9MS8,arising70@boston.com
254,hcrab71,iWrSz8ZO8sT,bneil71@desdev.cn
255,cdeferraris72,hqz73AS4gNz,tfaber72@senate.gov
256,arobison73,MJ3q4Jok5xx,ktebboth73@ebay.co.uk
257,sstopford74,Hp9MmfTBJ,lpardoe74@boston.com
258,asellar75,eKBzQKv8,dfraczak75@ted.com
259,apett76,W4BhEa3,kwatkins76@github.io
260,eloachhead77,B1HbK5NljB,sewer77@tumblr.com
261,tantognetti78,SZ0LoTf1Y,fdumbreck78@miibeian.gov.cn
262,eschuster79,9W79HyXquuf8,scasiroli79@latimes.com
263,tdronsfield7a,K337gPob,kstledger7a@independent.co.uk
264,ccrombie7b,qoMTl3ctR,lallicock7b@nsw.gov.au
265,ihanbridge7c,RRCFlh,biddy7c@state.gov
266,sdomleo7d,PtARcwu,drouff7d@springer.com
267,eperocci7e,IMvLZo,pmonteith7e@discovery.com
268,ctrewin7f,pOPYiI5udn,cfumagall7f@pinterest.com
269,ktyt7g,KkUED1HHk,akilgrew7g@japanpost.jp
270,jogborne7h,LWCvkA6Sk,ihenker7h@gnu.org
271,mmcbeath7i,PNmZNg,hbernini7i@soundcloud.com
272,csibyllina7j,TuQRqE,abeefon7j@washington.edu
273,csellar7k,SD6WAEk811,kdjordjevic7k@tamu.edu
274,bmoorfield7l,ncNxAeQ4,wnardoni7l@tripadvisor.com
275,ijaimez7m,lBVla0e9,ryakebowitch7m@goo.ne.jp
276,jlettuce7n,fVxF4qtYQ,zjocelyn7n@marketwatch.com
277,jsmallbone7o,pmxRlqR,croller7o@xing.com
278,cwinpenny7p,asCHXgbTqi,bshillabear7p@xing.com
279,kcasari7q,1ASupMqFBaD,rmccook7q@diigo.com
280,dokelly7r,eIhPUcHIvxH,edavidy7r@merriam-webster.com
281,rlinnane7s,ENls7tvJzUy,glibreros7s@jigsy.com
282,daucock7t,c1qHhAkTNI5,cgarratt7t@xing.com
283,kdorset7u,aa2vBjB,tbridger7u@uiuc.edu
284,pgreatbanks7v,o8yC3etLZ1H,dalejandro7v@newsvine.com
285,kdeppen7w,MMzv0SEqpJLU,nmumford7w@hp.com
286,aveljes7x,wnhR3D9uzf,kwarne7x@princeton.edu
287,mschwaiger7y,aXqTxcy,wpreshous7y@census.gov
288,elohering7z,tTutl8ZinYV,jsimonsson7z@hao123.com
289,ciiannoni80,FB3XrFo1p,amccory80@princeton.edu
290,wfosbraey81,QMDFpMX,bluttgert81@ocn.ne.jp
291,ccoalburn82,x7iHah,kfountian82@irs.gov
292,cmacanelley83,UHByN3ggEewg,opieters83@examiner.com
293,scapner84,XpUc1l,cfarthin84@mysql.com
294,kmcdonell85,u7DS5w,grobion85@addtoany.com
295,cgaitskill86,DgHEhr3PyZD,bdickenson86@umn.edu
296,ahanster87,JeqG81brjy,ababer87@blogspot.com
297,rlabrow88,aDuK3jTiTz,jratazzi88@army.mil
298,baleksic89,vKnHUx,mproudlove89@baidu.com
299,cmarrion8a,iHWwBlpdI,aknotton8a@sciencedaily.com
300,rchristauffour8b,TVzZKkdPK,dheindle8b@ustream.tv
301,bploughwright8c,HLVY9egyYreE,hmcronald8c@scientificamerican.com
302,livashin8d,bhQKC7,hhould8d@theguardian.com
303,bspon8e,VVv6bhmiDQG,jfisbey8e@mapy.cz
304,jwhymark8f,my571Uu,rmayell8f@zdnet.com
305,oeasdon8g,Ty3epdekZ,channan8g@ed.gov
306,lleipelt8h,Bq3glX46WR3,lbattie8h@geocities.jp
307,cstockman8i,c63rU6w7N,tliffey8i@arstechnica.com
308,iseville8j,3ERn4j30,lseabrocke8j@is.gd
309,mtrevett8k,5y0RffBsq,eelsy8k@live.com
310,gbrazenor8l,qNBeZ4V4,cdalziell8l@blinklist.com
311,amangeney8m,4YboKqZbLhO,ccoye8m@icq.com
312,rdarton8n,AmpUbm6AQzp,sofficer8n@mayoclinic.com
313,bbrabban8o,WfGkIz9L,skerton8o@joomla.org
314,afudger8p,CQrA7DL,mline8p@arizona.edu
315,bsimms8q,Hz7YxNrJZ,itallow8q@ed.gov
316,screenan8r,BQG4IAnx8jLH,vkennifeck8r@spotify.com
317,ekisbey8s,CbER6j1Bb,ptomsen8s@japanpost.jp
318,dbowller8t,E4GV4C,kcheer8t@blog.com
319,soverstone8u,G6YX4YVat,orouth8u@free.fr
320,epreston8v,ORpg07HyQase,msambeck8v@jiathis.com
321,kdibdall8w,sGTZZZZwiQ6,nwellings8w@ibm.com
322,tdurnall8x,BLJvVWtAH,rhillatt8x@senate.gov
323,dlathwood8y,qhTlyb987SZ,hhagstone8y@merriam-webster.com
324,vlukesch8z,z4ym6O2hYhp9,hsnellman8z@slideshare.net
325,uzuenelli90,iRhTrTBWA,cfeehely90@accuweather.com
326,mhemshall91,L3x8FhMvT5,lboothe91@virginia.edu
327,hsonger92,XKA0kDu,taverall92@webeden.co.uk
328,rmartill93,R8NPjOWb0,nharsent93@spotify.com
329,kfahrenbach94,k52YXPq5Wm,phancke94@example.com
330,crisby95,ivMNtf,jrugg95@cmu.edu
331,otrouel96,GYfkalgZam,ccoolson96@ebay.com
332,awalthew97,Pzhw8APrW3,jforrestall97@usatoday.com
333,follet98,EDnXFMiR,kbeed98@indiatimes.com
334,bgorman99,WwQygxfQmo,mcatterson99@mapy.cz
335,hwatt9a,N035RWvb2D,sverny9a@hugedomains.com
336,bspivie9b,QjwsMQ8VzC,msilby9b@nyu.edu
337,plabastida9c,QshdOpxgYV8,ilutwyche9c@zdnet.com
338,pcamerana9d,UY2klYvshcnh,nsiward9d@sun.com
339,wgateley9e,QGZNKz,rgillford9e@nyu.edu
340,msenn9f,i1saso1Sxx,mburchell9f@nytimes.com
341,ggladtbach9g,rreC4cFD,abonome9g@bandcamp.com
342,mgoghin9h,HEr9Kzsvp66,cgallally9h@hubpages.com
343,cbrea9i,BtJEHGH,efredson9i@dailymotion.com
344,ocurro9j,yUuc5Dh9Vu,rglasebrook9j@dot.gov
345,cbriamo9k,857zVb9U6J,dprobbing9k@opensource.org
346,rhryniewicki9l,7nt4IMLyV,jchamberlayne9l@nymag.com
347,lmenchenton9m,XGrPh8,sthwaites9m@naver.com
348,dhancock9n,OhqE7CCtO,ashearwood9n@bigcartel.com
349,lbridgwater9o,I8q4vse,mbold9o@lulu.com
350,ebuglass9p,naxOJHphp,bshercliff9p@arizona.edu
351,pchisholm9q,Kj3fSJNov,oladel9q@typepad.com
352,scalvie9r,SFeoSZLD,afeatherstone9r@squidoo.com
353,lbastin9s,9O34MYmG,dhyslop9s@symantec.com
354,dwindross9t,IXxurS1LeGkH,mgives9t@ask.com
355,dbowmaker9u,EVi1pT,jflay9u@gov.uk
356,okleehuhler9v,a4ACmMi4G,csweedy9v@ihg.com
357,cravilus9w,SEw1TycA85,goshaughnessy9w@microsoft.com
358,rchristoffels9x,Cvgv2peN,rraistrick9x@google.es
359,glindner9y,DiPXHsvGM,dlosseljong9y@webnode.com
360,cdyott9z,xSoavYxnXiQ,afernyhough9z@nydailynews.com
361,gpichea0,BjwXkscit9lU,mrycea0@ustream.tv
362,spiwalla1,ZGKStkGTg,ngilvarya1@reuters.com
363,sasha2,8El6QLq,ljerramsa2@geocities.com
364,dewbanka3,13LRSLBd,sironsidea3@yahoo.com
365,ggodlipa4,3vU7yCU,hdjakovica4@patch.com
366,acoryndona5,f1rrjoWXK0W,rlecornua5@google.es
367,ccahania6,xofpWHX0OHcL,cmitkova6@baidu.com
368,gfrauloa7,wcI46WSnejAS,mespadatera7@e-recht24.de
369,kjeandota8,N9HgMmsBRd,rfilipycheva8@purevolume.com
370,yroota9,1YnGhcrEw,gcoverlya9@hud.gov
371,ppostinaa,ES3PvxJM0R,mknaggesaa@wikia.com
372,djanmanab,NKWbM3,dloftinab@amazonaws.com
373,pothickac,Pnx2WfHT,sabbetsac@liveinternet.ru
374,vtierneyad,DE6OGR,ckernockead@jugem.jp
375,cgeachae,1cGzGiIjp,rfeldmusae@yandex.ru
376,hgirtonaf,cBfmLmh0,jlaycockaf@boston.com
377,jbarkshireag,t9LNAV5GhC6p,sspittalag@smugmug.com
378,emaciunasah,1ztGbg3Ys4CY,daldenah@storify.com
379,kshevellai,IYjTBr,hnoorai@parallels.com
380,imusickaaj,f0Ohcmlh0j,atrunchionaj@arstechnica.com
381,mhardsonak,5lajXtVmlldY,hglitherowak@google.ca
382,bpotterilal,6rCqMoSPZW,ksquireal@webs.com
383,aipgraveam,W3FXny1iIB,bstanbroam@blogspot.com
384,eevettan,nWlIUP,epauleitan@kickstarter.com
385,acaldairouao,BQAJAkgVnfb,sivasechkoao@quantcast.com
386,agyurkoap,6iuCS35UD8ZW,cgaucherap@tripod.com
387,lbordessaaq,RKLtVKc34IW,cellwoodaq@jigsy.com
388,glinchar,aLM5amac6,pdenysar@cafepress.com
389,tcarrodusas,1OfuKIANpbgF,emilbankas@independent.co.uk
390,msweetnamat,qITxEvmNzGW4,gleftwichat@wikispaces.com
391,lcollisonau,6NSlnZ,agrundellau@stumbleupon.com
392,rlewerenzav,F56bBEhC,iverchambreav@icio.us
393,lhedneyaw,ibXMtnT,dsextenaw@purevolume.com
394,pklimontovichax,bSnT4oW7KUv,mpogsonax@vkontakte.ru
395,lsaltersay,QJXR3IeZsZ,kmchardyay@sbwire.com
396,abrattellaz,Yk3UvFr6,vloadsaz@vistaprint.com
397,bsprakesb0,WC1NrY7ueLob,cvandendaelb0@flavors.me
398,iconkieb1,Jk6KbYNsQa,mpickhaverb1@smugmug.com
399,socannonb2,nuYvCsEn,wstoiteb2@nifty.com
400,nschulkeb3,EJFSf1evP0r,awiburnb3@51.la
401,klisciandrob4,ByteM7gR,iallabushb4@japanpost.jp
402,wcarsonb5,QLko21,egrimstonb5@yahoo.co.jp
403,emilliereb6,XvSVIzzt9e,bblossb6@instagram.com
404,pgurryb7,3gpoTH,smaleb7@vimeo.com
405,dmarlonb8,JAFeqc,fmeeksb8@opera.com
406,mchattertonb9,T59tS1bQ7,dfolkeb9@weibo.com
407,yhaseleyba,g6LTZqOKuB,hbentzenba@msu.edu
408,cdumphreysbb,iSuubSLo,ifyrthbb@thetimes.co.uk
409,bcleynebc,2cqcoDpN,mwalworchebc@imgur.com
410,ybarstowkbd,a2cemKThS,fberthebd@fastcompany.com
411,rjouningbe,CnVZt1KznW4,dtollerbe@go.com
412,sdunkleybf,hZuRSFS9,bjasperbf@ibm.com
413,ablabybg,qZCWdfSNCJ,dkybbyebg@reference.com
414,lcoatsworthbh,uiSsplh8,sferrarottibh@harvard.edu
415,jmadgewickbi,qPj6UDZEk,yrobertzbi@craigslist.org
416,mmanvillebj,AEiYNF,bpolglazebj@opera.com
417,adensonbk,LflcwjWG,sreightleybk@opera.com
418,bsteketeebl,kZsZ3NUfXcs,tstaileybl@jugem.jp
419,bdarlingtonbm,pHl7njV,mblydenbm@mashable.com
420,acolganbn,Vc4WXXZiI,wliversagebn@typepad.com
421,myeabo,zBtVndy,dlebournbo@hao123.com
422,fipgravebp,AyOBtsUE2nJA,amatthessenbp@addthis.com
423,jrubinlichtbq,OpdEy2l,mdrablebq@storify.com
424,jpetraschbr,QXws5l,slambertinibr@paginegialle.it
425,emullinbs,BSPNPV19,modgaardbs@paginegialle.it
426,ldavidowbt,uWncqAT,fgudgebt@g.co
427,lmacshiriebu,Gv7VIMH5,rbleslibu@domainmarket.com
428,hbundockbv,PbmU2t1BPf,cmaryetbv@bigcartel.com
429,bhowsbw,c5NDO6Kz,rpolandbw@hao123.com
430,cmbarronbx,SlRmGzh,ygelardibx@webeden.co.uk
431,mkearsby,E2MQ69Ig,lchrestienby@blog.com
432,mmilbournbz,FK6yAS2KQl,tkendellbz@free.fr
433,lseabrightc0,oT0tc11ANG53,sbouldsc0@wired.com
434,fperilloc1,BpJwkvWN,rwittc1@merriam-webster.com
435,dparrenc2,OmoQ9JsTY,zkrysztowczykc2@unesco.org
436,dvinec3,8TUaYtge2T,mgjerdec3@seesaa.net
437,rthomkec4,RNLMY8akLT,srutiglianoc4@tuttocitta.it
438,kcrackc5,mzWGhJ,rgloyc5@go.com
439,nbrymnerc6,cXuDSceWbP,ddaburnc6@mozilla.org
440,cengledowc7,PKQ0W60cwf,tmacparlanc7@ucsd.edu
441,jsallingc8,sqcjUb4cHh,zhamblingc8@wired.com
442,phuddlesc9,EYq3esSb9Pwk,mbootyc9@google.com
443,blinskeyca,gif8iiqUC,wmactrustramca@hostgator.com
444,ibaynescb,I7KDK4T,ecoddcb@elpais.com
445,ksleighcc,4ewS7l,svankincc@ed.gov
446,jlappinecd,krKNIbhf4HaH,ahamescd@skyrock.com
447,bbotterillce,MTWCx8BaHW9v,gbenedictoce@upenn.edu
448,echadburncf,fKaCeTREN,edymondcf@ask.com
449,hstygallcg,WbUeXtCGoP,cdevillecg@narod.ru
450,jziebartch,VXLq3nA,ggreatrakesch@flavors.me
451,alindoresci,TFwHkSRr21d,abrotherwoodci@google.co.jp
452,dwinterfloodcj,YFIIbreU6ys,nfreencj@dell.com
453,clomaxck,prz7nvyngOr,mnylandck@cafepress.com
454,hfennecl,LQr5pX4AjO,mloreitcl@jimdo.com
455,ebasleycm,kXM7qvyWd9yw,ttiddycm@wisc.edu
456,pvahlcn,b6MYD72N2t,edowdeswellcn@diigo.com
457,lkernockco,E0z32eIE,mskittlesco@freewebs.com
458,bpentonycp,1JP9D4,cmacnallycp@mediafire.com
459,hgatchelcq,hbwLmFl,lphelpcq@irs.gov
460,lweltoncr,bCrGDMe47zP,bbousquetcr@devhub.com
461,aloselcs,Zc6mvQ,gioriocs@wp.com
462,rescaleroct,hjATWO5LKG,bfolgerct@yolasite.com
463,kmahometcu,uU2d8jqU1,mvauxcu@narod.ru
464,cshercliffcv,UbqF85ynzjTA,nhulattcv@buzzfeed.com
465,oglisenancw,71zrGLKqX,dbaseggiocw@storify.com
466,bwoolgarcx,0323MH421,pbiesterfeldcx@hostgator.com
467,gmulvanycy,4IZjTd6N4,lsmalescy@shareasale.com
468,corrycz,B1Sz5z3rH,gfedorchenkocz@noaa.gov
469,jsonnerd0,r1924d,dritchleyd0@squarespace.com
470,kfooterd1,w779WBC,kcombesd1@stanford.edu
471,cdellenbrokd2,oWfvIeoz3,pdelafoyd2@yellowpages.com
472,mmurod3,gAjKgcDJE,bhucksd3@hatena.ne.jp
473,sbisikerd4,LvVNgVlIV,nhorryd4@instagram.com
474,nlesslied5,w6iLl5,wmacneild5@adobe.com
475,gcorpd6,iadNQF7,kblythd6@digg.com
476,tplayled7,wzwvaq,ltwiggerd7@is.gd
477,amorand8,4fvlWqbw0Rf,cragbourned8@reverbnation.com
478,gbalchd9,EyrW5VzmKRR,dkardosstowed9@uol.com.br
479,wmoleda,FgDiFW,pbellochda@cornell.edu
480,tjeannequindb,MdvzV1v4DswE,corringedb@nhs.uk
481,ipawelekdc,J9nhnuz6,idifilippodc@fda.gov
482,smactrusteydd,oxFYwIYfEQe,maldinsdd@ibm.com
483,dpinade,fu7Xet,icrawleyde@bandcamp.com
484,mhaltondf,o776lVtk,desmonddf@wikipedia.org
485,aghelardonidg,QNKYkytfg,bturnbulldg@yale.edu
486,wcharlsondh,dmwOss3rZJlm,galesdh@ehow.com
487,mgarmdi,eBYqLD,jomaradi@hexun.com
488,cpionterdj,pSw9OwcgM,mchatburndj@nature.com
489,avilliersdk,bab8T4,akeabledk@netvibes.com
490,btilbeydl,2thtAm,slembrickdl@shop-pro.jp
491,vfoffanodm,gh9hVjH4HHn,mbonafantdm@bing.com
492,jdowlingdn,J6lNMCv7bzc,mrighydn@google.nl
493,iechelledo,kcinZ3N1,rnorkuttdo@qq.com
494,rhaymesdp,tHcUuluMmgop,oclacedp@ca.gov
495,mmcmainsdq,BnXZvW4M,jhenzedq@berkeley.edu
496,ascohierdr,mzw5k815MKy,cduckerindr@pagesperso-orange.fr
497,iklimowiczds,x7ZdaDf,wmalinsds@flavors.me
498,etappordt,u5FlHFYrD3,aspehrdt@spiegel.de
499,ayeilesdu,1TnzXSPJyr1w,ahathorndu@forbes.com
500,hchallinerdv,GU80aB,odouldv@omniture.com
501,erowetdw,a1MIzxHUQ,blummdw@army.mil
502,mtunnochdx,1ZR7WGxoY,amartondx@webnode.com
503,cmughaldy,I74kVQ,yticedy@people.com.cn
504,bdibiaggidz,H1etdTCLxT,bteesdz@fema.gov
505,tsebastiane0,LxSdNu,atrename0@acquirethisname.com
506,mbrollye1,2rureR4qKd7K,epetyankine1@github.com
507,kzellicke2,Dm4DIAefHW,aboococke2@posterous.com
508,lcasemente3,H8yKy9mOuj,lashworthe3@mit.edu
509,sannese4,pbZfP0rVf,wyeliasheve4@squarespace.com
510,gmetzkee5,9SvsBxyGCQi,mclementele5@google.nl
511,bshavee6,oSoeqzKRaF,hhaydone6@gov.uk
512,ujerzykiewicze7,SpG9qrxe,emcilwrathe7@cnn.com
513,mlorentze8,jqLFBDU7u3T,fcholtone8@miibeian.gov.cn
514,rbaughane9,gbTUgNo,adommerquee9@networksolutions.com
515,gfinlaysonea,boQ3bvGBG,shalliburtonea@symantec.com
516,smayzeseb,04nZ6hv,ospeirseb@g.co
517,mbenoixec,63BTZvjk6Qc,dflecknessec@istockphoto.com
518,gcounihaned,l4qcsvkxvv,tlerhinaned@bing.com
519,jarmoree,ZwaDpRR1xhY,nailsburyee@fema.gov
520,hekkelef,8lEKU8MR,jmcdougallef@phoca.cz
521,lbutchardeg,OKg5I5iz,jtrembleteg@slideshare.net
522,mjillingseh,dVoosQDs,knutbeemeh@walmart.com
523,ecreweei,0x7pXVuJT,cgillsonei@dell.com
524,jknottej,HjCtFiSDuy,jscholcroftej@ezinearticles.com
525,ekearneyek,6OGU0xE,deyckelek@shutterfly.com
526,csteelsel,t9rr4E1W0Px,jlonghurstel@domainmarket.com
527,dkleynermansem,8Qpxz9OI4b,nodochertyem@yandex.ru
528,uginnaneen,gDzOsdTDhJE,gbudniken@phpbb.com
529,flambleeo,6qIWtm7a,cspinieo@cyberchimps.com
530,npalliserep,JYsI8NuM3dKD,msalterneep@seattletimes.com
531,afearyeq,IwWUE4407x,fcowdeneq@ifeng.com
532,cwedereller,d9KL7ri36,hpandyaer@ameblo.jp
533,ahilles,3RP5u99m,pseakines@patch.com
534,mbosdenet,MjTz0pJ,vreicharzet@sohu.com
535,zsauleu,FsJikfHq,dhoyleeu@github.com
536,dalvaradoev,TOfuWA57QJZu,vmacnishev@bloomberg.com
537,dvoddenew,5djFoF0W,jravenscraftew@google.it
538,lpovlsenex,RkBqUpd,noldroydex@hugedomains.com
539,chuskeey,xW31S9,lrustedey@constantcontact.com
540,jbinleyez,GZ2wXFLuO4s,mgarrickez@pinterest.com
541,acudihyf0,brMylo5goz7R,losgorbyf0@twitpic.com
542,okennealyf1,4QZhKukL8nx,tdemageardf1@prnewswire.com
543,dsendallf2,2VMROIMVv,rjosupeitf2@phpbb.com
544,gsteinhamf3,GjrZN1XWVzE,kosullivanf3@alexa.com
545,lspirf4,RpqU2hiXzO09,bduleyf4@umich.edu
546,lhaimesf5,DKo1Uq,rmaddinf5@mtv.com
547,bdecourcyf6,7Ni1llb,farnalf6@illinois.edu
548,nsharpleyf7,1haulXA3Tn7i,rmobbsf7@tamu.edu
549,gthorbyf8,ad1w3S,btrenamanf8@constantcontact.com
550,lblazicf9,WsugJVS,asamettf9@drupal.org
551,ecairdfa,gXJ11LOPsJ4,mlamminfa@umich.edu
552,ladamczykfb,cYHHI6X,jleggfb@bluehost.com
553,gkunzlerfc,gx2lRN,eleopoldfc@vkontakte.ru
554,bbleesfd,YIzN2COX,ljepensenfd@sitemeter.com
555,csarllfe,fGPHAs,sropsfe@issuu.com
556,bbraunrothff,HtH9fNQIuy4T,opargiterff@icq.com
557,nragglesfg,fY6M9F,cmolnarfg@1688.com
558,amatisfh,xlv5F0ZxsX4e,nmaceveleyfh@engadget.com
559,strillfi,udwtpVCbP,mjanosevicfi@theguardian.com
560,ijacobfj,vZF0rI0vR,cfeasbyfj@state.gov
561,gcutmarefk,oR5LEzhg,kklemmtfk@marriott.com
562,mhaskerfl,B62KRzx2JHzG,skettsfl@ezinearticles.com
563,sperchardfm,B8bm4O,bbellangerfm@columbia.edu
564,jcustancefn,Ie5k39L,dhalstedfn@ihg.com
565,afrankcomfo,ejlzySfrdVZ,folenchikovfo@wix.com
566,bgrabhamfp,Vboqrh9R,culsterfp@patch.com
567,lgarlicfq,hgOTIsgI3,tdelaeglisefq@oracle.com
568,jfetherbyfr,vIQuUz,sellwoodfr@wikispaces.com
569,pmaxweellfs,bY6X4CQadjLA,afullilovefs@lulu.com
570,bjesperft,VlwFg3Uf6Ix,babbissft@printfriendly.com
571,cbendigfu,TvNaQz89l,ccarillofu@sbwire.com
572,koleszkiewiczfv,lLJeSuG6ya,lhartleyfv@tiny.cc
573,jfulopfw,juSQJK0Q,amonneryfw@acquirethisname.com
574,rschuttefx,xstUEWp,jbygravesfx@howstuffworks.com
575,cbenninckfy,IZvboLUjLe,tvardeyfy@moonfruit.com
576,lbassinghamfz,S8MbVBQJdwm,gcubberleyfz@over-blog.com
577,smolinesg0,w65j9puH,mbrauneg0@tumblr.com
578,bstenetg1,SOe64d,wweing1@wikia.com
579,shundyg2,S2a0EzJT,mwhippleg2@mediafire.com
580,epetricg3,5i6Q1Ae6gHM,ewhellamsg3@yellowbook.com
581,xennorg4,elcmE2ng,lgwilliamg4@lycos.com
582,gellardg5,CcNFYBN,mdecentg5@simplemachines.org
583,kkeerig6,BWiTtwX,ngirodiasg6@mtv.com
584,dbozierg7,hBySKI7bw5,tolivierg7@cbc.ca
585,gclaphamg8,VMqUf9,uliggonsg8@pagesperso-orange.fr
586,rcordeyg9,nV2sWsZxpW,jhellmoreg9@zimbio.com
587,khedgesga,aODEPMZCqA6n,mdegiovanniga@alibaba.com
588,gduddellgb,leZj4yvshWQK,bblonfieldgb@sourceforge.net
589,brathbornegc,u54KZA,svailgc@msn.com
590,sharpgd,105bTXuuy,fsibungd@csmonitor.com
591,crogezge,dCHzy7hiu,lpagenge@geocities.jp
592,tpetrulisgf,01MVvvIrY,mcolquytegf@vk.com
593,wgevergg,P6cJpaUl,wrennygg@yellowbook.com
594,jkensingtongh,0msTXcoZ,cknevitgh@go.com
595,gbuglargi,ntEF5uI,ekintzelgi@baidu.com
596,bplaicegj,IPbuzYFeO,avaughngj@wsj.com
597,dreddochgk,OYSGcfRS,tbixleygk@deliciousdays.com
598,tevertgl,yQenAa,vraoulgl@tripadvisor.com
599,egylesgm,DXpQg2S,tguesfordgm@hugedomains.com
600,cgoldengn,lCaRr0KZlprh,acazegn@smugmug.com
601,tjedrzejczakgo,GR6pjV,tbonningo@elpais.com
602,mdulakegp,jCUvU7o8FaXH,tbarnishgp@merriam-webster.com
603,rkeppgq,OD5waAFJ,acerithgq@csmonitor.com
604,sgeorgergr,O0ybdMVf,cwelbelovegr@fda.gov
605,vgreirgs,q6sidSRL,jmccrainorgs@google.com
606,gcastagnetogt,kClRXlIs4,abarracksgt@cnbc.com
607,levegu,LLqPVwa5QQ,kmckeatinggu@wix.com
608,tpawlickigv,GwrL4X,mjanissongv@jimdo.com
609,sgateshillgw,chP4OE9AZ,fkeijsergw@addtoany.com
610,jmaffeygx,17HK4g,hpenkmangx@photobucket.com
611,esoppettgy,3zfucz,bgallandregy@shinystat.com
612,sfumagallogz,RuJvTZsTm,kcaldronigz@nydailynews.com
613,cpolgreenh0,9lo3awcja,acastiblancoh0@indiatimes.com
614,dreedeh1,KC54hxOACrt,pdissh1@ed.gov
615,rriggeardh2,OAEoDWfG,rcrewdsonh2@printfriendly.com
616,vsomersh3,CiSNw3I15afd,afanshawh3@elpais.com
617,cleavoldh4,K1C7yG,eellish4@chronoengine.com
618,jkalinkeh5,awcvCzfLgljH,pdemangeoth5@goo.gl
619,pepileth6,4lULCXOvxjEx,zkosiadah6@dedecms.com
620,eitzcakh7,bkRvDhI,lmebiush7@blogger.com
621,ewormleightonh8,Metqwv,mvalentinh8@webmd.com
622,poseltonh9,UEyxm1997QUj,bbagenalh9@amazonaws.com
623,cpattendenha,3vFCmcltH2x,cmcarthurha@theglobeandmail.com
624,gdaynterhb,6Xha8buGlfr,bmynardhb@over-blog.com
625,tgronouhc,BwQtOW8,lpiersehc@businesswire.com
626,aclemohd,0x3Wo8WDe,mbraunhd@omniture.com
627,dfursthe,cvwFjcw,nkeillohhe@yahoo.com
628,tcozinshf,y1fBpocll,glawreyhf@slideshare.net
629,mgreesonhg,frkfXZ3dnm,cmosedillhg@google.co.uk
630,lpiercyhh,MIpzYMIUO,dnunsonhh@wired.com
631,ddoddshi,25zjdzx,bbergstrandhi@accuweather.com
632,aobruenhj,Ngaa0q4AwTuE,lsootshj@chron.com
633,mjerranshk,hzw3kjWrDQ9,arotherforthhk@ezinearticles.com
634,dkensholehl,PgJI1M431YvJ,rhurryhl@altervista.org
635,kmonierhm,lGa0Z6V8y,bsandallhm@auda.org.au
636,sbulgenhn,C2Sl1EgzLNe3,rhardwarehn@typepad.com
637,dwinckworthho,dBBVFi0YBOl,kgarleyho@yahoo.co.jp
638,pcomussohp,0RdEMmgyzI3,cbendanhp@walmart.com
639,apigginshq,nm7f1OxsJ5y,acudbirdhq@plala.or.jp
640,rpinningtonhr,4HRN7KzBL,cjanecekhr@tinypic.com
641,wdaudrayhs,9AqPuA8m,svoffhs@youku.com
642,lburnsellht,CiI3ltr4,skenyonht@dyndns.org
643,ssoutheranhu,NForBh9J0kzk,blillgardhu@freewebs.com
644,lbernlihv,ulRAS2,schristopherhv@biblegateway.com
645,rworsallhw,Un2L40Xjj,duphillhw@fda.gov
646,flinnemanhx,bJ0BuBBgP,aeardleyhx@tmall.com
647,gfoggohy,0qKEvWGb7H,ioelshy@ustream.tv
648,bhaynehz,Cyvp4BqWEE,ralveshz@addtoany.com
649,msekullai0,pEv3DktI,cgriffini0@guardian.co.uk
650,ngillbardi1,mtVSow2sj7,esavouryi1@yellowbook.com
651,jmondayi2,GZLz7OVrVYBI,fdwirei2@mit.edu
652,cginnalyi3,v2IPzt,xknotti3@dion.ne.jp
653,fdriversi4,ihVGzMYT,jmccaugheni4@bloglovin.com
654,mmatschkei5,4YnV2b098mYj,vsnaddini5@webnode.com
655,kjigginsi6,qKVPVncWJg,dhowelsi6@pbs.org
656,khusbandsi7,l6ZkwBc4x,thadwini7@dailymail.co.uk
657,jvardeni8,8bBYaOUXuU,mrontschi8@aboutads.info
658,nyashini9,yl3tmUbNaPn,cgrigollii9@cbc.ca
659,glightningia,SbSo3z,cdearlia@qq.com
660,dblaiseib,R9vp0t,dpestridgeib@vinaora.com
661,cclacsonic,BMHVZk,ggiannoniic@free.fr
662,emacneiceid,TY86a5gx7,dsimonsenid@csmonitor.com
663,bogradyie,CwZcmr,tgeneseie@facebook.com
664,hmcgallif,NNpuQyGV,zmuggeridgeif@webeden.co.uk
665,kbahiaig,5fGnZItm8eYe,tmaylamig@amazon.co.jp
666,lbuggeih,g8anryT5wts,msaunperih@ucsd.edu
667,cgoultii,JPslib6tmQ,tdurnellii@ow.ly
668,ciacovozzoij,mnD9lTGJ,tmeakinij@blogtalkradio.com
669,hmatthesiusik,ZVdMvYY656UO,bkimminsik@hostgator.com
670,rbignellil,QiZi0RQ1,lesilmonil@google.fr
671,bbartoliim,sxoNAQc,cmcguaneim@xing.com
672,bkissin,QDwuFIx8Z5SO,csneppin@squarespace.com
673,rmurrthumio,LSLpK8Ghs0w,ashewanio@topsy.com
674,akellartip,bKkGmslg,bkellsip@infoseek.co.jp
675,bconibereiq,173stWoubaA,atrahairiq@wordpress.com
676,grachuigir,GGl9wCh,mmillicanir@issuu.com
677,scoughis,Z9B1HsE8qTY,dvenediktovis@e-recht24.de
678,mmckimit,1dusqkyR4,ithewysit@eepurl.com
679,dstonalliu,OyPe8DI7T4,againoriu@flickr.com
680,gkeaveiv,g9vKXn,pwhippleiv@4shared.com
681,mbellworthyiw,121Sc2H,lrillattiw@techcrunch.com
682,fellphix,ZENLbLlU0RXW,bcosslettix@e-recht24.de
683,tpeartoniy,V7jaIj5PQlTp,awakefordiy@senate.gov
684,dgaitheriz,je4YcYCQN,cscobieiz@un.org
685,apriddingj0,ts4DF1Ra4JoS,hlindblomj0@yolasite.com
686,mbosketj1,HidqR77Jk,astychej1@cdbaby.com
687,promerilj2,CQXS0un,vcouvesj2@google.es
688,fschaumakerj3,Jg0NiYVk,agatherj3@alexa.com
689,nrolesj4,gVfXA4B6,abuttsj4@diigo.com
690,esherebrookj5,XcsL4hroY1,onetleyj5@webmd.com
691,jcettellj6,5tCsqGOf5dw,gbyrkmyrj6@noaa.gov
692,rladbrookej7,nQQs9bKXz,mrosencrantzj7@discuz.net
693,atavinorj8,pl2U6RAU4Fg0,csherbrookej8@ted.com
694,nitzhayekj9,v7MTy6ZBCWW,acrosswaitej9@census.gov
695,gmaccrossonja,YS0AtDlAEjJR,heckhardja@nsw.gov.au
696,mdivisjb,UaQy4hYWZ,ztyriejb@bigcartel.com
697,wmassereljc,0ZiwtJ,dpembryjc@census.gov
698,swysonjd,kpObX0s,ggozneyjd@ed.gov
699,mwhottonje,z4iHzaN,nhattje@bloomberg.com
700,zpriddingjf,jaFzw5xtAwh,lcreedjf@redcross.org
701,rvernyjg,7FIYCAKAr10h,vreihmjg@ycombinator.com
702,shankinsjh,LdgKPI,bdinisjh@flavors.me
703,gchatresji,U4Tu9eQ,lbonnierji@reuters.com
704,askirvinjj,QlnyT3mUGT,enottlejj@cyberchimps.com
705,hmacleesejk,ElvnzREZj1Bk,gangelinijk@umn.edu
706,rlockhurstjl,CCehihm3Y2M,etacejl@addtoany.com
707,dcopoziojm,1EahHS9C,carmsteadjm@springer.com
708,tlodwickjn,95GLNCgmJ,msangejn@bloglovin.com
709,jcleverleyjo,pTeSkve7o5DC,rbootlandjo@paginegialle.it
710,edurringtonjp,eFsFm2uyFYN,stailljp@sun.com
711,dbondejq,aLTiUS,gcarillojq@last.fm
712,dhorribinejr,Lwm8falJtz,zhabletjr@furl.net
713,oreajs,vXWeAm86,rdornanjs@tuttocitta.it
714,dcrangjt,VPWep9T5tUBB,apertjt@csmonitor.com
715,sbendsonju,gmTLdMRDyT,lcolbourneju@tinyurl.com
716,hebbsjv,h4Oic42jr9,kdrezzerjv@nbcnews.com
717,hmckenneyjw,uJffMZM,ccurmejw@illinois.edu
718,dmacnultyjx,FhIeNzFDHzdP,rbuglarjx@wordpress.com
719,mhaglingtonjy,y4pva0OMbghh,ldorotjy@goo.gl
720,twathalljz,0LSR8onRMlYt,mbenettolojz@geocities.jp
721,csergentk0,zqEDoInpyT,mbrockwayk0@noaa.gov
722,igeerdtsk1,EaU4Nc6,ndiniscok1@lycos.com
723,lwedderburnk2,TTbv7M,gparradinek2@cbc.ca
724,dveelersk3,LhwSufQDc,dtancockk3@pcworld.com
725,akubiakk4,aLCUPJ,gbeesonk4@bloomberg.com
726,egaigerk5,M93AMbWBpK5,vsysonk5@wix.com
727,ewatmoughk6,XleNQpa,sorbonk6@si.edu
728,cmckinstryk7,niGYJg,mlowenk7@github.com
729,erobynsk8,Dqux6z,ahehnkek8@huffingtonpost.com
730,glanktreek9,yy2JTW,mfoucardk9@latimes.com
731,sknobellka,bIsXWD43,swearneka@uol.com.br
732,mpitkinskb,EVqFphPfpd6,mcarthewkb@networksolutions.com
733,wahernekc,k5rabC,jcosanskc@twitter.com
734,droiskd,5O3VFOI,btrowlerkd@businessweek.com
735,bruiltonke,xW68rTuQMaI,bwitchellke@kickstarter.com
736,jrabjohnskf,tkAEu7Arolt,ucheavinkf@sbwire.com
737,sarnaldkg,3E0nHcDRy,fadamikkg@chicagotribune.com
738,ldunkinsonkh,jPjO1e,efuzzardkh@scientificamerican.com
739,kvanderveldeki,DDQhZrys4,hcornelleauki@woothemes.com
740,vmulvaghkj,kJViH6tGx4,abarensekj@yale.edu
741,mkilvingtonkk,p1sxbcxMfORv,vsporrijkk@rakuten.co.jp
742,alenniekl,JtKclt,kmarkiekl@facebook.com
743,pesmondkm,mL2YMaKwb,ccaldicotkm@umn.edu
744,vlaugheranekn,6WuLgk9cd6Sk,khryniewickikn@sina.com.cn
745,gmourantko,Oh1tSZcD9,ccadwellko@altervista.org
746,cthodykp,KYQ4DUnDlCx,fbrownleekp@weebly.com
747,nkleinsingerkq,BOTiLgn17G7Q,kjumonetkq@deliciousdays.com
748,nwoolmorekr,AV0QPkO,msmullenkr@goo.ne.jp
749,kschutzeks,uX8IrU4hV,spaulatks@printfriendly.com
750,jgooderskt,77FwC2,tramsteadkt@blog.com
751,lsimoncelloku,iqCYPXawa,bchopinku@cam.ac.uk
752,ehindsbergkv,RYE5bVHZH,bstoutherkv@reverbnation.com
753,zdekeyserkw,dPQyYB,ssnawdenkw@hexun.com
754,rdufourkx,sh0CYtl6,tavramovichkx@xing.com
755,dsimeoniky,t6yLh01Ksn4h,pguyotky@apple.com
756,kgunkz,jlZ2Zdjw,rlangfieldkz@amazon.com
757,sgoldsl0,95TLEjof0,bsydel0@jimdo.com
758,gturnorl1,wvxyzD,fiiannonel1@icq.com
759,tgilleonl2,TcEVyQ6o,hocrianel2@networksolutions.com
760,mshelperl3,BU4F9A5B6d0,cchristmasl3@nationalgeographic.com
761,bpudnerl4,oxKnFB,aatcockl4@privacy.gov.au
762,cimpletonl5,ZkO2yvzIMsf,gdodl5@w3.org
763,sivanuschkal6,BYJRmo2HZ,dlampertl6@washingtonpost.com
764,rfairalll7,cBHwWpzMLCy,bdesimonel7@telegraph.co.uk
765,fgonninl8,rxnWYNkb,gwindruml8@techcrunch.com
766,hcuncarrl9,ELaWVRGOA,sprinl9@php.net
767,askevingtonla,W4UIQUxprE5V,blafayettela@boston.com
768,kmcelmurraylb,0NFDVG1WF1x,dhuychelb@facebook.com
769,gjoseburylc,IOQLvXptf,opennielllc@acquirethisname.com
770,ebiggadykeld,t77MZX,lmacgianyld@meetup.com
771,ksinclairle,Zu0xeku,lbrannanle@51.la
772,gtregonalf,03C6U1,hfairnielf@mashable.com
773,mtrokelg,u1WdEQqTv5jj,wdaddowlg@godaddy.com
774,cpighillslh,oHfe5Fl,craimanlh@facebook.com
775,kbonsonli,KGDcda1AQZF,csterreli@yale.edu
776,tbarhemlj,4LWDQYHOKknV,dfairfoulllj@surveymonkey.com
777,tpersencelk,WxzG6Uv0gAQ,lhinckleylk@elpais.com
778,kshawcrossll,QOvaOAwg,hpluesll@pcworld.com
779,evalslerlm,eUiEZGY,lgwatkinlm@oracle.com
780,otruggianln,HHeYVGl,mevettln@trellian.com
781,ltilbylo,RnJOd9rOjIs7,ielletonlo@redcross.org
782,astrowlgerlp,sJeqWqb4Y,lwrenlp@fc2.com
783,hshovellerlq,6MEwEAu,nmurkittlq@ebay.com
784,edancelr,UdcYUijj,arosenshinelr@netlog.com
785,afussiels,iNBMIMA2,cerreyls@npr.org
786,bfinlaisonlt,6dyKji,challstonelt@ustream.tv
787,bsabylu,vo1kNUM4dZ,afonelu@hatena.ne.jp
788,btruscottlv,vPxC39K,acroughanlv@ask.com
789,bheymeslw,UEV1CSyVqX7X,stuillerlw@statcounter.com
790,sploweslx,1ARFEg1e,lfarrylx@bigcartel.com
791,avedekhovly,4Su9XVMfO,czanuttily@php.net
792,djozsalz,RcokO1ThnLu,fmistrylz@un.org
793,tmessomm0,QwgvRyw,lkinahanm0@xing.com
794,rfinckenm1,8avOZQsiuscQ,pgorickem1@ihg.com
795,tpeponm2,jxJMHLG8z,mkeywoodm2@g.co
796,jboyenm3,Xv2ufAGF4,hswadenm3@hugedomains.com
797,drivalm4,NjyP8Wq,hbraundsm4@dailymotion.com
798,eduplockm5,cYo0NAgL9,hdortonm5@simplemachines.org
799,ehillumm6,gHwxtbX2,bquinceem6@fc2.com
800,tpicknettm7,7MjK4dO0kHD,kbarusm7@163.com
801,rdavidovicsm8,E0mww00,hduchennem8@earthlink.net
802,dnendm9,HnAf6q7qTA,atremaynem9@jiathis.com
803,slezemorema,Yz0lqCTFutW,sscotchmorma@java.com
804,cdriuttimb,FV4raahKr,cmatelyunasmb@flavors.me
805,nbadgersmc,hqlzF8PBU,mpenninomc@t.co
806,wtraskmd,QFJn6vK7,bpollokmd@over-blog.com
807,geveme,r2kjLMBCEnPw,ihaingeme@webmd.com
808,lbrendekemf,ufpT9zwd,rciobutaromf@360.cn
809,rhaggathmg,pTMMfV7pUTAi,vbouldsmg@fda.gov
810,slugtonmh,tHA68Vmdl,lfitzroymh@columbia.edu
811,gcurmmi,dPENxlat,sludmannmi@nyu.edu
812,ehannabussmj,JGUYVI3zJz,gmatfinmj@parallels.com
813,ctidburymk,1mJGYvi,eiacobomk@quantcast.com
814,lshoesmithml,hIWhXdeIhz,fjandelml@alexa.com
815,epirreymm,FVtmMuBzOFM5,eblademm@ox.ac.uk
816,llabdenmn,3CD0tWA7b7eP,jdavidaimn@msu.edu
817,lgateshillmo,d2SIQ1anFAQ,mminnettemo@gov.uk
818,wridemp,Pzh9QSzbHPB1,egorckemp@nymag.com
819,gchristauffourmq,QeKvorv2V,bmccloughenmq@ed.gov
820,moldcotemr,RhqOCz2skZ,cgabbetismr@digg.com
821,wmorbyms,ODZsXCAMxpC,mdelchecoloms@merriam-webster.com
822,msheardownmt,mp8yRLG6vg8,elawlandmt@patch.com
823,mbraxaymu,GDj4kX4,lkuhnhardtmu@umn.edu
824,rgobelmv,ZQI0L5V9tTA,mmeadmv@wix.com
825,bjelleymw,pq7y3kp5MZDz,lcastardmw@people.com.cn
826,smantrupmx,Nr57LY,mhanselmannmx@blog.com
827,mmattkemy,T1Zk1YJK,zstenermy@ox.ac.uk
828,lgorsemz,UP9d0GAs,dskillmz@cbsnews.com
829,ddimberlinen0,hK1FlS2nlS,smahonyn0@wp.com
830,bhuffyn1,ZVcNOcUWIdDw,jshelbornen1@stumbleupon.com
831,bsottelln2,Op53y0Mf3PPr,jbyardn2@theglobeandmail.com
832,ttutselln3,i9IBZH,jdalrymplen3@xrea.com
833,cfleoten4,bCNik6,rcalvenn4@telegraph.co.uk
834,eleemingn5,vTUIQqEB,nrustichn5@1und1.de
835,tcubleyn6,F34nfm,deisign6@narod.ru
836,vcallandern7,6msKnkVNH,bpavkovicn7@sbwire.com
837,alindbackn8,Te5Ph5JOyCP,candraschn8@ted.com
838,hskoaten9,3EWH3gQwU5,mmacenteen9@umich.edu
839,hblethinna,SYEDsCMrtDDM,ufitzmauricena@canalblog.com
840,bcarbrynb,sllpk5ZbYt8,mdigiacomettinonb@scientificamerican.com
841,kdonaldsonnc,RPlqU5PabT,djagginc@naver.com
842,ckitchinnd,HaNLR0epe,mspurrnd@ycombinator.com
843,cstanesne,lTmQj1,sprimmerne@nba.com
844,ddoerlingnf,hD5V3OiXx,jscandrednf@soup.io
845,cnelliganng,alelnzRVVq,amellowsng@weibo.com
846,ldreinh,5wvLYYB,srouselnh@princeton.edu
847,aarchibouldni,k33Ey4TmxeBk,mpeerni@sun.com
848,lmaclarennj,hr1ifW,briddochnj@soundcloud.com
849,ikevernnk,DC09Tw,smickelwrightnk@goo.gl
850,nmoldnl,TQ6ga8hi,jfearicknl@nytimes.com
851,scheeldnm,pmd24W4,wcleggnm@wired.com
852,cgeggnn,baHror,dflegnn@woothemes.com
853,ndeaconno,A3PzjK7w5pk,kgrinleyno@ask.com
854,tibelnp,EEKVX7GQe,jdoeynp@cargocollective.com
855,gveneurnq,r2YQyDA,ffairchildnq@nymag.com
856,tbaszniaknr,FmCmTLSJ9E,dambrogioninr@cbslocal.com
857,yottleyns,4WO70r,etheunissenns@1688.com
858,sluxonnt,MdEc4Co,mbagsternt@nbcnews.com
859,sallowaynu,r3VHen,skitchersidenu@tumblr.com
860,ajobkenv,j2Gw8hQ,lbonellienv@imgur.com
861,lpawnsfordnw,VE9ybZI,jmincinw@psu.edu
862,ewalkernx,VBEan1,tlatchnx@ucoz.com
863,vklulicekny,6gAMhH,mworldny@woothemes.com
864,tstolznz,pzB19HMgAPt,mbeinincknz@loc.gov
865,dworsallso0,JyZeOZnptNU,bstorckeo0@squidoo.com
866,jdeetcho1,o4uyeWh1zR,whuckello1@upenn.edu
867,sdjurisico2,h5GOaTPULKIY,cmcgarveyo2@chronoengine.com
868,msmoughtono3,XTMe6XaLfLj,mvooghto3@github.com
869,cdaddo4,rA1kgn,dgaggo4@myspace.com
870,cseaberto5,RvRyXhW6yJ,ncasadoo5@army.mil
871,dhachetteo6,I0L5w48,eatterburyo6@wufoo.com
872,gstappardo7,xeDhz7,mblakeo7@4shared.com
873,ugrahamslawo8,mHCBaOEh,lproscheko8@people.com.cn
874,agleaveo9,uz77xT1u,mloreyo9@statcounter.com
875,moherlihyoa,UJFgdj,rpulleyoa@oracle.com
876,atearnyob,mobAo0oK6,dstringfellowob@ovh.net
877,bsilvertonoc,ic6v5KygUC,iantoniatoc@wsj.com
878,lanthoineod,2MmVznAvYk,bmushettod@technorati.com
879,hjenkinsonoe,ZPOsQyaDM,kmattityahouoe@hugedomains.com
880,akilianof,7VYjp3z3c,eweatherupof@miitbeian.gov.cn
881,kworldog,KraFsmSDC7,edunsterog@booking.com
882,kfearnalloh,ezlvYsXiUDDS,brosindilloh@facebook.com
883,rbrandenbergoi,KbylFHsCDJ,bdurrandoi@ft.com
884,lrablinoj,2Qy43bw1q5Jw,lromeoj@msu.edu
885,ejayeok,tnGWQ7Fh,sakasterok@youku.com
886,nmactrustamol,B4AmiCabp,khepherol@whitehouse.gov
887,kgartonom,yvG6kzXC,ssalvinom@sun.com
888,rreiachon,QxGfry,wchismonon@purevolume.com
889,cgarrettsoo,FpbTGIKE,djigginsoo@tripod.com
890,ahatonop,TIllGx,cisenorop@liveinternet.ru
891,tlethabridgeoq,GNOK0zDqQn3,leastamoq@privacy.gov.au
892,egarrishor,7mxUwksjH8,pgroucockor@china.com.cn
893,ftomaszewskios,sbu3r9aZnPd,hstrittonos@flickr.com
894,zsummerladot,zqChTBcqg7kG,gantonssonot@cargocollective.com
895,lhabbemaou,4hCfkDv,mendrighiou@youtu.be
896,mdannielov,RfAuiW,cscobleov@ezinearticles.com
897,sewbankeow,kCoktnQ5YG9z,fwolversonow@list-manage.com
898,cworsnipox,NcTX0FsfhKrn,jandrockox@trellian.com
899,kgeanyoy,6szjVNvys,bwerrettoy@senate.gov
900,wgrubeyoz,cTM4Gg,ereynoolldsoz@gmpg.org
901,mbisonp0,bmk8RAjST,mcottap0@a8.net
902,lprobettsp1,YZDlC1,ksmittenp1@networkadvertising.org
903,pmatherp2,hZHUf1vF,tgiacomuzzip2@soup.io
904,mipsgravep3,2MhcTTr,pbrogiottip3@webnode.com
905,afrancescp4,SImNaiyNOW6f,lbrigdenp4@tumblr.com
906,mthowp5,tZjRh6OX,dhylandsp5@oaic.gov.au
907,rsmallp6,lWQcgxJOAM7,mfetherstonp6@bloglines.com
908,egarrowayp7,eLj4WZ,mbradbeerp7@wordpress.com
909,dshoryp8,YfXp53Kf7kV,ecislandp8@alibaba.com
910,rpedrocchip9,mFOZLb,dpawlaczykp9@cam.ac.uk
911,jstucksburypa,YQmqkCrZ,sdransfieldpa@hud.gov
912,segellpb,u3c9ENKPNl,dinsworthpb@pbs.org
913,achamberlaynepc,BmqFujQNN9,cearthfieldpc@uiuc.edu
914,adonsonpd,V2w93xLzmxi,dplayfootpd@ustream.tv
915,dnelanepe,cDrnzSdhJd,mshrievespe@domainmarket.com
916,sgritsaevpf,QBCn8o5F,ffladgatepf@alibaba.com
917,stemprellpg,ooWjOAAUaCGq,dmaltpg@gov.uk
918,egobeauxph,DAfdq6csHU3v,hheindlph@cnet.com
919,tmcdonellpi,kIEHeThpw,ccouronnepi@tripadvisor.com
920,jmccrorypj,rK7Syoqh,dhissiepj@github.io
921,lgulypk,dRz9Jl,madelpk@scientificamerican.com
922,bollerenshawpl,qZNOfViAUiT,jlucypl@narod.ru
923,nsteningpm,DInLX2,askillmanpm@yahoo.com
924,oburneppn,3ocRLmLoO,stwiggpn@constantcontact.com
925,lventonpo,AGxwq7st,adominypo@163.com
926,bhindhaughpp,NDxXxfk,amakinsonpp@a8.net
927,ahaberjampq,iW9xZzQrj4o,fbealspq@vkontakte.ru
928,dmiklempr,V9DxVOQW,pauberypr@indiatimes.com
929,khenlonps,AbaWUF57qPr4,mcrucesps@behance.net
930,dblabypt,ztCPGI96X6ix,dblanchardpt@t.co
931,shilldruppu,KNH19Iy,asanperpu@microsoft.com
932,cburchettpv,gJqMnIzQ1,tbrownellpv@ft.com
933,rrookledgepw,fn0P7Gm7,cbobaschpw@admin.ch
934,ghaleypx,jToHmb7,zquiddintonpx@unesco.org
935,ibrittianpy,moOL81,hbendlepy@discovery.com
936,mhanwaypz,BXbiABb3LIy,enaylorpz@360.cn
937,cmitchallq0,zBsxwxAL1e,fcustardq0@imageshack.us
938,mplampinq1,YCPuZH,hmougenelq1@independent.co.uk
939,lfanstoneq2,ry1ZbHr,jpaddefieldq2@illinois.edu
940,lgreethamq3,Kh2S6tTc5,obramhillq3@ted.com
941,mtroakq4,Bpn85CeI,rbarkleyq4@ebay.co.uk
942,cbrumbleq5,0mOJGCNLorq,tmclellanq5@tmall.com
943,achownq6,4gaOCCZtjn,adepperq6@ehow.com
944,ahelietq7,UxOrt9NX,egirardinq7@is.gd
945,jmulryanq8,0guIO2Uq,bblaycockq8@vkontakte.ru
946,wverriourq9,hnk3GecFL,gdicteq9@cloudflare.com
947,odemkowiczqa,Kc2cazgb,sbletsoeqa@digg.com
948,ccoltenqb,Kx2epzcCQ0T,kcrosbyqb@joomla.org
949,ghaslewoodqc,ggjTfX7,ojakubowskiqc@github.com
950,lbetserqd,AMQe3w3,hdoyleyqd@tiny.cc
951,rtriplowqe,kVGsrMO4I,griseleyqe@yellowpages.com
952,cobernqf,GWSOYxsHYl5n,cpinardqf@dmoz.org
953,kbowraqg,uUWf0n8cZjK,rnoddleqg@fema.gov
954,pimlenqh,lMNpERX,asmullinqh@cisco.com
955,rscottqi,yX0nQ1xyyHG,tlichfieldqi@sphinn.com
956,zhackeltonqj,4PAKmF1v,dmorewoodqj@redcross.org
957,fbittanyqk,VWjCRNtO,cneyqk@unc.edu
958,tpettifordql,HaazDP,cpinderql@is.gd
959,dpoxonqm,Y67sr3XpT,dabbittqm@businessinsider.com
960,slednerqn,5fFQqSB,cmilliganqn@tinyurl.com
961,lhartlandqo,IgSX7IL3,groddenqo@dagondesign.com
962,scollisonqp,0E0J8O,sgandyqp@histats.com
963,lwealleansqq,7Q4kVHlqW4L,kgilloppqq@wikipedia.org
964,jregitzqr,HQqpBaBAeVq,rcaselyqr@ucla.edu
965,clambdeanqs,Wwl9H5,khallamqs@goo.ne.jp
966,kdwerryhouseqt,Rj8pAAzq,rvossingqt@wikispaces.com
967,sparletqu,73wLYffrg4s6,mbeerqu@nymag.com
968,aplewmanqv,ktZF3Kaar,jcoakleyqv@goo.ne.jp
969,fridgwellqw,2PDTTF,ghalliwellqw@nhs.uk
970,hgodrichqx,k3U4yJH,cfinnemoreqx@networksolutions.com
971,csticklandqy,6ABxJW,mjeffcoatqy@de.vu
972,ckubyszekqz,k3U0pwPQ63BJ,severwinqz@moonfruit.com
973,bdumbrillr0,Z1546jxeQL,ejosefsr0@sun.com
974,cchallicomber1,glt7uxtVbr8,tdennickr1@hp.com
975,cdurbridger2,MreINjqpm2Wl,ghowroydr2@ucoz.ru
976,fmcphillipsr3,cCHqMwp4EZA,chobbertr3@shareasale.com
977,gbaverstockr4,1GBJPfE,jpaper4@yellowbook.com
978,hrobertssonr5,btHfh5,oungerr5@apache.org
979,bprestedger6,CC3LCS,dmooreedr6@bloglines.com
980,hsidworthr7,mgTE4N,bboichatr7@soundcloud.com
981,dplanter8,nO5zNYk6MlS9,pstobbesr8@theatlantic.com
982,eoswalr9,3PBN3gfNvem,cedrichr9@a8.net
983,mscamerdenra,duCNv0kDd6WO,pmamwellra@ebay.com
984,smaciociarb,H1WDDrqCEaQr,jbellochtrb@ifeng.com
985,calphonsorc,VhLDrO,vstoborc@ning.com
986,dpolhillrd,kqL5Baq,mwennamrd@foxnews.com
987,abucklanre,kPlhxXP,emogenotre@deviantart.com
988,rglencrosrf,3NaFUWQ,lbegginirf@wikipedia.org
989,gsaturleyrg,oTyzDhabUY,rwelchmanrg@mashable.com
990,dsimenonrh,toQiFUe,jmillisrh@theatlantic.com
991,ahryncewiczri,5oxx7AWhH7,mreddri@wordpress.org
992,kfinnierj,SOe2YVi0XX,lbalcersrj@newsvine.com
993,djouannotrk,Xbc9mnr8ErAN,ahabeshawrk@seesaa.net
994,ccastrirl,9cA1jXuHv,ccandwellrl@ezinearticles.com
995,wrazouxrm,RE6uSbeqjRrF,aloveardrm@geocities.com
996,vdinsdalern,XKL4xmdgq,sgornallrn@usda.gov
997,ltouzeyro,dyH3i6PAr,thicklingbottomro@reddit.com
998,tdraysonrp,0MNpeULj,ssnadenrp@ca.gov
999,dkinnairdrq,ZOloEag,hfranklinrq@unesco.org
1000,jjikovskyrr,1gSDiZxaVr,kgallicorr@pbs.org
