1,pwoodrough0,aR4ExuE,gjiggen0@usgs.gov
2,sleblanc1,X7Cuz5iSzx,amimmack1@blogger.com
3,cbeauchop2,RbsCdLFR5bc,amccormick2@amazon.com
4,ctrahar3,sMuebQ,bbosley3@hostgator.com
5,mdawidowitz4,jypyF7zAtY,lcromwell4@uiuc.edu
6,rthonger5,frbMIKH,jvalentinuzzi5@washingtonpost.com
7,uiannello6,fBkxC6Es,lwittrington6@booking.com
8,pstallion7,tbM02FZ,rchatten7@yandex.ru
9,acleyne8,W9LR54Pk,rchellam8@ucla.edu
10,bdemelt9,xG45lmIZYbP,ofantone9@godaddy.com
11,ploguea,f10YJF6,molecha@amazon.co.jp
12,rboocockb,x808tBW,jserfatib@bloglovin.com
13,adominighic,gKoB69B93AH,rleathec@people.com.cn
14,lmayned,DLDHTgU,bmacintoshd@macromedia.com
15,kvarvarae,jU9a3IJUpvp,ameikleme@cloudflare.com
16,smugef,XUaXyT,jdormandf@example.com
17,mgouldstoneg,PuLA5YfU1e4,mhoffmang@1688.com
18,mloudyanh,jdVwTd9,ggergoleth@drupal.org
19,arulfi,LwQQNXLeyif,mlatehousei@sphinn.com
20,kmaguirej,xl5vgi8AM,aaprilj@google.co.uk
21,csmallshawk,vZzvFk4R,jholdink@ibm.com
22,lwalshl,2jzpLE,jrawlll@discuz.net
23,smerriottm,dDDAorEtHC,ntettherm@ovh.net
24,rmaghulln,ZoaDYiwv,craspisonn@hhs.gov
25,rpardieo,nE67PUoOic8n,handerero@ucla.edu
26,eswalwelp,xD0W5wo,gcoupep@umn.edu
27,psprasonq,EMH4Ml,dsutorq@europa.eu
28,ewanklingr,y6C57yT5qdar,hfarnier@tumblr.com
29,iwarbys,W8ZKGT,sfrowdes@cyberchimps.com
30,vkilbournet,cd7lMxV,bgiffont@nytimes.com
31,cproudleru,AUYQZl16r,amarzeleu@last.fm
32,cjerrimv,uczmMWDUwo,ckiendlv@elpais.com
33,amardyw,M1v2UzPIc,sogeneayw@irs.gov
34,hgarroldx,qhP4tuaY0ep,dvalesx@tiny.cc
35,vkruszelnickiy,sJEMkYBc40J,pcribbinsy@tinyurl.com
36,llarretz,tTBOJPw,lwimpressz@sciencedirect.com
37,groscam10,5CBXqQ,vbeverage10@home.pl
38,cscreaton11,w1aHwrUv,jvalois11@miitbeian.gov.cn
39,cdalyell12,7TIJNvqY,ckilmister12@e-recht24.de
40,hsatterlee13,fB0KaziTy,noffield13@bbb.org
41,wshervington14,TxnwXyxZDp2,dclinkard14@ucoz.ru
42,gstearns15,nGv3zZw,mhayball15@networkadvertising.org
43,habramcik16,zQFXJZ30Vf,ksurgeoner16@fotki.com
44,rcotter17,ITaEYYue,jmunro17@wisc.edu
45,erandle18,oLdMcpw2cpb,sblanchette18@cocolog-nifty.com
46,ltedman19,0x6LjKARYw4G,jscurfield19@themeforest.net
47,zgoodall1a,jImLt681,dradin1a@google.pl
48,charrie1b,g3fCAPSKIYHZ,rlancetter1b@shinystat.com
49,arevie1c,pAGkCfAG8Hw,fdjordjevic1c@pinterest.com
50,btrenbey1d,Z9MyCeJI7Y,dcrolla1d@rediff.com
